Make,Colour,Odometer (KM),Doors,Price,Production Date
Honda,White,35431,4,15323,9/16/2016 0:00
BMW,Blue,192714,5,19943,10/19/2018 0:00
Honda,White,84714,4,28343,6/10/2014 0:00
Toyota,White,154365,4,13434,11/23/2010 0:00
Nissan,Blue,181577,3,14043,2/17/2010 0:00
Honda,Red,42652,4,23883,8/14/2017 0:00
Toyota,Blue,163453,4,8473,8/3/2018 0:00
Honda,White,,4,20306,7/24/2013 0:00
,White,130538,4,9374,6/21/2014 0:00
Honda,Blue,51029,4,26683,6/26/2015 0:00
Nissan,White,167421,4,16259,6/18/2013 0:00
Nissan,Green,17119,4,6160,9/13/2016 0:00
Nissan,White,102303,4,16909,2/14/2011 0:00
,White,134181,4,11121,10/5/2010 0:00
Honda,Blue,199833,4,18946,12/5/2012 0:00
Toyota,Blue,205592,4,16290,1/9/2013 0:00
Toyota,Red,96742,4,34465,3/4/2011 0:00
BMW,White,194189,5,17177,8/18/2015 0:00
Nissan,White,67991,3,9109,9/10/2013 0:00
Nissan,Blue,215820,4,6010,3/2/2018 0:00
Toyota,,124844,4,24130,9/16/2016 0:00
Honda,,30615,4,29653,10/19/2018 0:00
Toyota,White,148744,4,22489,6/10/2014 0:00
Honda,Green,130075,4,21242,11/23/2010 0:00
Honda,Blue,172718,4,14274,2/17/2010 0:00
Honda,Blue,125819,4,15686,8/14/2017 0:00
Honda,White,180390,4,13344,8/3/2018 0:00
Honda,Green,82783,4,10984,7/24/2013 0:00
Honda,White,56687,4,6135,6/21/2014 0:00
Toyota,White,112004,4,13586,6/26/2015 0:00
Nissan,Blue,34024,4,23929,6/18/2013 0:00
Toyota,White,108569,,6866,9/13/2016 0:00
Nissan,White,203795,4,9330,2/14/2011 0:00
Nissan,Green,153554,3,9780,10/5/2010 0:00
Honda,Blue,71949,4,17516,12/5/2012 0:00
Honda,Blue,191622,4,8738,1/9/2013 0:00
Nissan,Blue,38186,4,23438,3/4/2011 0:00
Nissan,White,,4,15131,8/18/2015 0:00
Nissan,Blue,146430,3,9224,9/10/2013 0:00
Toyota,Green,109868,4,6574,3/2/2018 0:00
,White,177894,4,9229,9/16/2016 0:00
Toyota,Blue,189209,4,7100,10/19/2018 0:00
Honda,Black,200490,4,6337,6/10/2014 0:00
Toyota,Blue,141617,4,19085,11/23/2010 0:00
Toyota,Blue,213893,4,5743,2/17/2010 0:00
Nissan,Blue,231057,4,5925,8/14/2017 0:00
Toyota,White,100938,4,25196,8/3/2018 0:00
Toyota,Blue,243969,,16138,7/24/2013 0:00
Nissan,White,107096,3,6075,6/21/2014 0:00
Toyota,Black,86333,4,9928,6/26/2015 0:00
Toyota,Red,184878,4,7445,6/18/2013 0:00
Honda,White,161068,,13698,9/13/2016 0:00
Toyota,Blue,77646,4,17422,2/14/2011 0:00
Toyota,Blue,246817,4,8269,10/5/2010 0:00
,White,109384,4,9918,12/5/2012 0:00
BMW,White,79937,5,48686,1/9/2013 0:00
Honda,White,82039,4,15662,3/4/2011 0:00
BMW,Red,162176,5,19186,8/18/2015 0:00
Toyota,,97375,4,11479,9/10/2013 0:00
Toyota,Blue,230908,4,12883,3/2/2018 0:00
BMW,Red,208124,5,24668,9/16/2016 0:00
Honda,Black,16933,4,12172,10/19/2018 0:00
Honda,Green,57198,4,25068,6/10/2014 0:00
Honda,Green,47019,4,20370,11/23/2010 0:00
Toyota,White,170085,4,5383,2/17/2010 0:00
BMW,White,178796,5,18396,8/14/2017 0:00
Toyota,Blue,223390,4,9648,8/3/2018 0:00
Toyota,Black,93054,4,6652,7/24/2013 0:00
Toyota,Blue,42459,4,6386,6/21/2014 0:00
BMW,White,37513,5,32379,6/26/2015 0:00
Nissan,White,123121,4,22436,6/18/2013 0:00
Toyota,,204213,4,6860,9/13/2016 0:00
Honda,White,,4,5648,2/14/2011 0:00
,Red,227262,4,12001,10/5/2010 0:00
Toyota,Blue,191232,4,18355,12/5/2012 0:00
Toyota,Blue,156478,,20424,1/9/2013 0:00
Toyota,Blue,140465,4,15154,3/4/2011 0:00
,White,126669,4,18484,8/18/2015 0:00
Toyota,Blue,238425,4,6502,9/10/2013 0:00
Honda,Blue,186146,4,18310,3/2/2018 0:00
Honda,Black,149879,4,8200,9/16/2016 0:00
Toyota,Blue,34097,4,20142,10/19/2018 0:00
Nissan,Blue,180021,3,13199,6/10/2014 0:00
Toyota,Blue,248447,4,5708,11/23/2010 0:00
Toyota,Green,61651,4,13430,2/17/2010 0:00
Nissan,Blue,24219,3,10283,8/14/2017 0:00
Nissan,Blue,,4,3300,8/3/2018 0:00
Honda,,108415,4,20936,7/24/2013 0:00
Nissan,Red,61892,,18160,6/21/2014 0:00
,Blue,90249,4,35988,6/26/2015 0:00
Nissan,White,197844,4,5776,6/18/2013 0:00
Toyota,White,53765,4,18595,9/13/2016 0:00
Honda,White,115183,4,6481,2/14/2011 0:00
Honda,White,130783,4,6283,10/5/2010 0:00
Honda,Green,130076,4,6762,12/5/2012 0:00
Honda,Blue,143707,4,16337,1/9/2013 0:00
Toyota,Blue,29856,4,11392,3/4/2011 0:00
Toyota,Black,133433,4,16519,8/18/2015 0:00
Toyota,Red,147455,4,22296,9/10/2013 0:00
Honda,,48069,4,12196,3/2/2018 0:00
Honda,Blue,146233,4,14202,9/16/2016 0:00
Toyota,White,224657,4,13250,10/19/2018 0:00
Honda,,150582,,7404,6/10/2014 0:00
Honda,White,195787,4,5316,11/23/2010 0:00
Honda,White,71329,4,10125,2/17/2010 0:00
Honda,Blue,229206,4,13614,8/14/2017 0:00
Toyota,,218803,4,13283,8/3/2018 0:00
Honda,White,184869,4,11584,7/24/2013 0:00
Nissan,Blue,129769,3,15617,6/21/2014 0:00
Honda,Blue,219217,4,4747,6/26/2015 0:00
Toyota,White,221050,4,6391,6/18/2013 0:00
Nissan,White,82726,4,17802,9/13/2016 0:00
Nissan,White,72122,4,22943,2/14/2011 0:00
Nissan,Blue,43149,4,19502,10/5/2010 0:00
Nissan,White,24077,4,15541,12/5/2012 0:00
Toyota,Black,20714,4,30407,1/9/2013 0:00
Toyota,Black,26979,4,35432,3/4/2011 0:00
Nissan,White,223889,4,10091,8/18/2015 0:00
Nissan,Blue,166938,4,11485,9/10/2013 0:00
BMW,White,18394,5,,3/2/2018 0:00
Nissan,White,212081,3,11192,9/16/2016 0:00
Nissan,,206073,,3944,10/19/2018 0:00
,Blue,174008,4,19000,6/10/2014 0:00
,White,138274,4,7994,11/23/2010 0:00
Nissan,Black,67364,,15604,2/17/2010 0:00
,Blue,83784,4,11648,8/14/2017 0:00
Toyota,White,71805,4,35600,8/3/2018 0:00
BMW,Red,35807,5,17596,7/24/2013 0:00
Nissan,White,175777,4,13427,6/21/2014 0:00
Toyota,White,,4,35358,6/26/2015 0:00
Nissan,,18994,4,7813,6/18/2013 0:00
Toyota,Red,29689,4,8743,9/13/2016 0:00
Toyota,White,109013,4,10628,2/14/2011 0:00
Honda,Green,125802,4,4754,10/5/2010 0:00
Toyota,White,22788,4,6784,12/5/2012 0:00
Honda,Blue,43981,4,17584,1/9/2013 0:00
Toyota,White,132055,4,10582,3/4/2011 0:00
Honda,Blue,31677,4,21754,8/18/2015 0:00
Toyota,Red,133195,4,14795,9/10/2013 0:00
Honda,Blue,137233,4,8809,3/2/2018 0:00
Nissan,Blue,179666,4,19258,9/16/2016 0:00
Toyota,White,,4,34133,10/19/2018 0:00
Honda,White,21393,4,20490,6/10/2014 0:00
Nissan,Blue,41554,4,31536,11/23/2010 0:00
BMW,Blue,,5,30412,2/17/2010 0:00
Nissan,White,123923,4,14986,8/14/2017 0:00
BMW,White,148949,3,23074,8/3/2018 0:00
Toyota,Blue,103909,4,4566,7/24/2013 0:00
Toyota,White,50604,4,10038,6/21/2014 0:00
Toyota,Green,168432,4,20497,6/26/2015 0:00
Nissan,White,129188,4,8071,6/18/2013 0:00
Honda,Red,223416,4,10707,9/13/2016 0:00
Toyota,White,66538,4,,2/14/2011 0:00
Nissan,Green,149042,3,10835,10/5/2010 0:00
Nissan,White,149347,3,5332,12/5/2012 0:00
BMW,White,39267,5,19106,1/9/2013 0:00
,White,150826,4,12392,3/4/2011 0:00
Toyota,Black,147540,4,20155,8/18/2015 0:00
Toyota,Green,218482,4,10198,9/10/2013 0:00
Honda,White,202855,4,8260,3/2/2018 0:00
Honda,,213793,4,12402,9/16/2016 0:00
BMW,Blue,86805,5,34110,10/19/2018 0:00
Honda,White,100527,4,22616,6/10/2014 0:00
Honda,Blue,37678,4,6361,11/23/2010 0:00
Nissan,White,215169,4,14793,2/17/2010 0:00
Nissan,Blue,211249,4,15767,8/14/2017 0:00
Honda,Blue,96389,4,7861,8/3/2018 0:00
Honda,Blue,50417,4,25847,7/24/2013 0:00
Nissan,Blue,178405,,8693,6/21/2014 0:00
Nissan,Blue,163423,4,7193,6/26/2015 0:00
Toyota,Blue,63975,4,21851,6/18/2013 0:00
Toyota,White,97036,4,,9/13/2016 0:00
Honda,Blue,54380,4,20282,2/14/2011 0:00
Nissan,Black,240536,4,3247,10/5/2010 0:00
Toyota,White,188755,4,17980,12/5/2012 0:00
Toyota,Blue,51155,4,15960,1/9/2013 0:00
Toyota,Blue,94916,4,,3/4/2011 0:00
Toyota,Blue,38544,4,34286,8/18/2015 0:00
Honda,White,,4,10076,9/10/2013 0:00
BMW,Black,158339,5,23287,3/2/2018 0:00
Toyota,Red,33400,4,12398,9/16/2016 0:00
Nissan,White,118470,3,20075,10/19/2018 0:00
Toyota,Blue,89501,4,12218,6/10/2014 0:00
Toyota,White,87594,4,20100,11/23/2010 0:00
Nissan,Green,32754,4,13146,2/17/2010 0:00
Nissan,Red,191810,3,14189,8/14/2017 0:00
Honda,Black,61749,4,9290,8/3/2018 0:00
Toyota,Blue,237190,4,7800,7/24/2013 0:00
Honda,White,166028,4,13056,6/21/2014 0:00
BMW,,126441,5,39738,6/26/2015 0:00
Toyota,Green,58118,4,6848,6/18/2013 0:00
Honda,,76343,4,7097,9/13/2016 0:00
Toyota,White,188338,4,13106,2/14/2011 0:00
Toyota,Black,40285,4,7846,10/5/2010 0:00
Honda,White,74192,4,8706,12/5/2012 0:00
Toyota,Green,172401,,5454,1/9/2013 0:00
Honda,Blue,78153,4,10316,3/4/2011 0:00
Toyota,Green,146940,4,25133,8/18/2015 0:00
Nissan,White,193874,4,10596,9/10/2013 0:00
Honda,Blue,184320,4,6978,3/2/2018 0:00
,White,66461,3,25873,9/16/2016 0:00
Honda,Red,95243,4,13559,10/19/2018 0:00
Honda,Blue,84719,4,26402,6/10/2014 0:00
Toyota,Blue,99761,4,10547,11/23/2010 0:00
Nissan,Red,150563,4,16115,2/17/2010 0:00
Toyota,Blue,154576,4,12553,8/14/2017 0:00
Honda,White,211862,4,12476,8/3/2018 0:00
Nissan,Black,125251,4,18306,7/24/2013 0:00
Toyota,Blue,90856,4,33077,6/21/2014 0:00
Honda,White,,4,22746,6/26/2015 0:00
Toyota,Black,24764,4,8856,6/18/2013 0:00
Honda,White,43437,,28013,9/13/2016 0:00
Honda,White,25729,4,9155,2/14/2011 0:00
Honda,Green,238825,4,9530,10/5/2010 0:00
BMW,,206446,5,19892,12/5/2012 0:00
BMW,White,,5,38128,1/9/2013 0:00
Honda,Blue,42324,4,12531,3/4/2011 0:00
Toyota,White,183368,4,18198,8/18/2015 0:00
Nissan,Blue,141962,4,5595,9/10/2013 0:00
Toyota,Green,214179,4,12872,3/2/2018 0:00
BMW,White,195419,5,29308,9/16/2016 0:00
Nissan,Blue,158730,3,12104,10/19/2018 0:00
Honda,White,28791,4,19052,6/10/2014 0:00
Toyota,White,117504,4,25874,11/23/2010 0:00
Honda,Blue,63825,4,23339,2/17/2010 0:00
Toyota,Green,142598,4,21830,8/14/2017 0:00
Toyota,White,88015,4,22794,8/3/2018 0:00
BMW,Blue,79301,5,35004,7/24/2013 0:00
Toyota,Red,241987,4,9734,6/21/2014 0:00
BMW,Red,39323,5,18691,6/26/2015 0:00
Nissan,White,209259,4,10823,6/18/2013 0:00
Honda,Red,120306,4,18346,9/13/2016 0:00
Toyota,Blue,148421,4,9953,2/14/2011 0:00
Toyota,Blue,225286,4,12086,10/5/2010 0:00
Honda,White,108206,4,13208,12/5/2012 0:00
Toyota,Green,,4,19936,1/9/2013 0:00
Honda,Blue,61828,4,27787,3/4/2011 0:00
Honda,Blue,173693,4,11092,8/18/2015 0:00
BMW,White,194157,,34856,9/10/2013 0:00
,Black,224479,4,10456,3/2/2018 0:00
Honda,Blue,232904,4,7725,9/16/2016 0:00
Nissan,White,196374,4,7032,10/19/2018 0:00
Toyota,White,48184,4,15095,6/10/2014 0:00
Nissan,Green,189739,4,16730,11/23/2010 0:00
Honda,Red,164352,4,14160,2/17/2010 0:00
Honda,Blue,26616,4,9521,8/14/2017 0:00
Toyota,White,203804,4,5273,8/3/2018 0:00
Toyota,White,58054,4,10180,7/24/2013 0:00
BMW,Blue,63321,3,39021,6/21/2014 0:00
BMW,Red,33911,5,,6/26/2015 0:00
BMW,White,173915,5,14404,6/18/2013 0:00
Toyota,Black,217253,4,16603,9/13/2016 0:00
Honda,,,4,7076,2/14/2011 0:00
Toyota,Black,140756,4,26954,10/5/2010 0:00
Nissan,Blue,,4,18182,12/5/2012 0:00
Nissan,Blue,124116,,5386,1/9/2013 0:00
,Blue,65719,4,,3/4/2011 0:00
Nissan,Red,128235,4,8327,8/18/2015 0:00
Nissan,Red,157169,4,,9/10/2013 0:00
Honda,Red,61504,4,12046,3/2/2018 0:00
Toyota,White,242084,4,13111,9/16/2016 0:00
Toyota,White,61623,4,35760,10/19/2018 0:00
Honda,Green,46085,4,29681,6/10/2014 0:00
Honda,White,67599,,10516,11/23/2010 0:00
Toyota,White,59222,4,32676,2/17/2010 0:00
,White,113250,4,9675,8/14/2017 0:00
Honda,Black,237861,4,10374,8/3/2018 0:00
Honda,Blue,136392,4,12146,7/24/2013 0:00
BMW,White,29534,5,28414,6/21/2014 0:00
Nissan,Green,190794,3,17917,6/26/2015 0:00
Honda,,223685,4,9379,6/18/2013 0:00
Honda,White,85975,4,27640,9/13/2016 0:00
BMW,White,23996,5,48239,2/14/2011 0:00
Toyota,Blue,85473,4,22002,10/5/2010 0:00
Toyota,White,236674,4,15234,12/5/2012 0:00
Nissan,Blue,193135,3,13005,1/9/2013 0:00
Honda,,,4,28983,3/4/2011 0:00
BMW,Blue,245427,5,17520,8/18/2015 0:00
Honda,Blue,106494,4,17858,9/10/2013 0:00
Toyota,White,196840,4,10646,3/2/2018 0:00
Nissan,White,116279,4,16179,9/16/2016 0:00
BMW,Blue,,3,16391,10/19/2018 0:00
Honda,White,195829,4,17866,6/10/2014 0:00
Toyota,Blue,239004,4,8566,11/23/2010 0:00
Honda,Red,238609,4,5052,2/17/2010 0:00
Toyota,Green,44436,4,17317,8/14/2017 0:00
Honda,White,224292,4,6431,8/3/2018 0:00
Nissan,White,43540,,9263,7/24/2013 0:00
Honda,Green,37606,4,13255,6/21/2014 0:00
Nissan,White,215130,4,11768,6/26/2015 0:00
Toyota,Black,198564,4,7708,6/18/2013 0:00
Honda,Red,11035,4,10602,9/13/2016 0:00
Toyota,Red,197616,4,14089,2/14/2011 0:00
Honda,White,171260,4,18524,10/5/2010 0:00
Toyota,White,20985,4,33353,12/5/2012 0:00
Honda,White,246079,4,10872,1/9/2013 0:00
Nissan,White,133441,4,21921,3/4/2011 0:00
Toyota,Red,162665,4,7042,8/18/2015 0:00
Toyota,Blue,44815,4,8460,9/10/2013 0:00
Toyota,Black,103472,,15184,3/2/2018 0:00
Nissan,White,234161,4,13200,9/16/2016 0:00
Toyota,Blue,222542,4,8834,10/19/2018 0:00
Honda,Blue,230570,,10676,6/10/2014 0:00
Toyota,White,134862,4,12353,11/23/2010 0:00
Toyota,White,55828,4,23311,2/17/2010 0:00
Honda,White,61163,4,18375,8/14/2017 0:00
Honda,Red,108681,4,10740,8/3/2018 0:00
Nissan,Blue,174825,3,4863,7/24/2013 0:00
BMW,,203517,5,26846,6/21/2014 0:00
Toyota,Green,180760,4,10380,6/26/2015 0:00
Toyota,Blue,52054,4,10888,6/18/2013 0:00
Toyota,Blue,118308,4,20237,9/13/2016 0:00
Toyota,White,12141,4,17556,2/14/2011 0:00
BMW,,,5,32887,10/5/2010 0:00
Nissan,Blue,104355,4,18058,12/5/2012 0:00
Toyota,White,230943,4,13560,1/9/2013 0:00
Toyota,White,,4,,3/4/2011 0:00
Honda,White,29514,4,19357,8/18/2015 0:00
Honda,Green,94062,4,27057,9/10/2013 0:00
Nissan,White,,3,23868,3/2/2018 0:00
,Blue,179468,4,7813,9/16/2016 0:00
Honda,Red,163045,4,17035,10/19/2018 0:00
Toyota,Blue,165301,4,10429,6/10/2014 0:00
Toyota,Blue,161572,,15088,11/23/2010 0:00
Toyota,Green,151291,4,6200,2/17/2010 0:00
Toyota,Blue,234051,,11616,8/14/2017 0:00
Toyota,Blue,232912,4,6029,8/3/2018 0:00
BMW,Blue,130817,3,31392,7/24/2013 0:00
Toyota,Blue,135080,4,13652,6/21/2014 0:00
Nissan,Blue,197823,3,17860,6/26/2015 0:00
Toyota,,170466,4,3974,6/18/2013 0:00
Toyota,White,112292,4,24834,9/13/2016 0:00
Nissan,Blue,195494,4,6460,2/14/2011 0:00
Nissan,Blue,111015,3,7252,10/5/2010 0:00
Honda,Blue,247869,4,11982,12/5/2012 0:00
Toyota,Black,188514,4,,1/9/2013 0:00
Toyota,Green,165225,4,10841,3/4/2011 0:00
Honda,Black,175075,4,,8/18/2015 0:00
Honda,White,187663,4,13433,9/10/2013 0:00
Toyota,Red,65435,4,24949,3/2/2018 0:00
Honda,White,80664,4,20981,9/16/2016 0:00
Toyota,White,119439,4,17340,10/19/2018 0:00
,Red,97345,4,6962,6/10/2014 0:00
Honda,,144093,4,17036,11/23/2010 0:00
,Blue,73926,4,29635,2/17/2010 0:00
Toyota,White,127161,4,4871,8/14/2017 0:00
Honda,White,40749,4,25649,8/3/2018 0:00
Nissan,Blue,192557,4,6672,7/24/2013 0:00
Toyota,White,117571,4,23719,6/21/2014 0:00
BMW,White,176864,5,24938,6/26/2015 0:00
Honda,Blue,191658,4,17597,6/18/2013 0:00
Toyota,Black,132103,,10439,9/13/2016 0:00
Honda,Red,47933,4,10301,2/14/2011 0:00
Toyota,White,50756,4,11738,10/5/2010 0:00
Honda,Blue,196835,4,15623,12/5/2012 0:00
Honda,Blue,106744,4,16223,1/9/2013 0:00
,Blue,96363,4,7469,3/4/2011 0:00
Nissan,White,,4,3974,8/18/2015 0:00
BMW,Blue,103283,3,22176,9/10/2013 0:00
Toyota,White,134415,,5125,3/2/2018 0:00
Honda,Black,155682,,9992,9/16/2016 0:00
Toyota,White,164093,4,3893,10/19/2018 0:00
Toyota,Blue,119745,4,23902,6/10/2014 0:00
,Black,13266,4,14502,11/23/2010 0:00
Honda,White,145850,4,17876,2/17/2010 0:00
Nissan,White,24420,4,14198,8/14/2017 0:00
Honda,White,213324,4,8704,8/3/2018 0:00
Honda,White,34822,4,14613,7/24/2013 0:00
Toyota,Red,180473,4,6568,6/21/2014 0:00
,White,133069,3,5008,6/26/2015 0:00
Honda,White,71283,4,7497,6/18/2013 0:00
,Blue,23545,4,13932,9/13/2016 0:00
Honda,,178774,4,15047,2/14/2011 0:00
Toyota,Blue,112223,4,4753,10/5/2010 0:00
Toyota,Blue,198570,4,17284,12/5/2012 0:00
Toyota,White,214493,4,12434,1/9/2013 0:00
Nissan,White,64362,4,28993,3/4/2011 0:00
Honda,Blue,104304,4,23017,8/18/2015 0:00
Nissan,Blue,71527,4,17961,9/10/2013 0:00
Honda,White,220876,4,,3/2/2018 0:00
Nissan,Blue,76412,4,13492,9/16/2016 0:00
Toyota,Blue,243255,4,7378,10/19/2018 0:00
,White,103728,4,7061,6/10/2014 0:00
Honda,White,144088,4,5838,11/23/2010 0:00
Honda,Blue,196526,4,6242,2/17/2010 0:00
Honda,,89291,4,13703,8/14/2017 0:00
Nissan,Blue,18044,3,14227,8/3/2018 0:00
Nissan,White,88908,4,22155,7/24/2013 0:00
Honda,White,24358,4,26675,6/21/2014 0:00
Toyota,White,175955,4,7598,6/26/2015 0:00
Toyota,White,,4,8500,6/18/2013 0:00
Toyota,White,177571,4,14318,9/13/2016 0:00
Toyota,White,227387,4,3895,2/14/2011 0:00
Toyota,Blue,,4,10834,10/5/2010 0:00
BMW,Blue,85320,3,16517,12/5/2012 0:00
,Green,83293,4,19337,1/9/2013 0:00
Toyota,White,210123,4,11731,3/4/2011 0:00
Toyota,White,193629,4,12745,8/18/2015 0:00
Toyota,White,,4,,9/10/2013 0:00
BMW,Blue,93792,3,35264,3/2/2018 0:00
Toyota,Red,157432,4,8260,9/16/2016 0:00
Honda,Black,226391,4,15879,10/19/2018 0:00
Honda,Blue,152547,4,10259,6/10/2014 0:00
Nissan,Blue,10954,4,30439,11/23/2010 0:00
Toyota,White,83594,,13648,2/17/2010 0:00
BMW,Blue,142189,3,23336,8/14/2017 0:00
Honda,Blue,210446,4,3594,8/3/2018 0:00
Honda,Blue,172266,4,18327,7/24/2013 0:00
Toyota,Blue,169449,4,10855,6/21/2014 0:00
,White,179727,4,8980,6/26/2015 0:00
Toyota,Blue,244204,4,6121,6/18/2013 0:00
BMW,Blue,72575,5,41294,9/13/2016 0:00
BMW,Blue,55789,3,26677,2/14/2011 0:00
Toyota,,240937,4,,10/5/2010 0:00
Toyota,Red,193006,4,5101,12/5/2012 0:00
Honda,White,10953,4,16636,1/9/2013 0:00
Honda,White,18933,4,8014,3/4/2011 0:00
Honda,Blue,37625,4,6241,8/18/2015 0:00
Nissan,White,176135,3,17127,9/10/2013 0:00
Honda,Blue,234760,4,11411,3/2/2018 0:00
,White,128072,4,18180,9/16/2016 0:00
Toyota,Blue,81864,4,29293,10/19/2018 0:00
Toyota,White,149466,4,,6/10/2014 0:00
Nissan,Black,141109,4,,11/23/2010 0:00
Toyota,White,189194,4,4946,2/17/2010 0:00
Toyota,Blue,42480,4,19720,8/14/2017 0:00
Toyota,White,146307,4,13508,8/3/2018 0:00
BMW,Red,131587,5,15652,7/24/2013 0:00
Toyota,Blue,98890,4,26926,6/21/2014 0:00
Toyota,Blue,188658,4,14312,6/26/2015 0:00
Nissan,Blue,45668,4,13310,6/18/2013 0:00
BMW,Green,162607,5,14074,9/13/2016 0:00
Toyota,White,149989,4,5260,2/14/2011 0:00
Honda,Red,169579,,8089,10/5/2010 0:00
Toyota,White,36463,4,16805,12/5/2012 0:00
Honda,,28625,4,8753,1/9/2013 0:00
BMW,Red,100060,5,38060,3/4/2011 0:00
Nissan,White,43600,4,10030,8/18/2015 0:00
Toyota,Blue,52196,4,11076,9/10/2013 0:00
Toyota,Black,59249,4,9108,3/2/2018 0:00
Honda,Blue,127589,4,15610,9/16/2016 0:00
Nissan,Green,90446,4,13251,10/19/2018 0:00
Nissan,Black,59335,4,28354,6/10/2014 0:00
Toyota,Blue,71306,4,23747,11/23/2010 0:00
Honda,Blue,73286,4,19629,2/17/2010 0:00
Toyota,Black,121160,4,8380,8/14/2017 0:00
Nissan,White,63355,4,22989,8/3/2018 0:00
Toyota,Blue,98619,4,33324,7/24/2013 0:00
Toyota,Blue,200597,4,13147,6/21/2014 0:00
Honda,White,146703,4,20642,6/26/2015 0:00
Honda,Blue,133117,,10344,6/18/2013 0:00
BMW,Black,192316,5,25490,9/13/2016 0:00
Honda,Blue,127157,4,7682,2/14/2011 0:00
,Blue,157782,4,12592,10/5/2010 0:00
Honda,White,193179,,7827,12/5/2012 0:00
Honda,White,134949,4,17622,1/9/2013 0:00
Toyota,White,216257,4,17171,3/4/2011 0:00
Honda,Red,111727,4,10101,8/18/2015 0:00
Toyota,,86480,4,16319,9/10/2013 0:00
Toyota,,73360,4,18653,3/2/2018 0:00
Honda,White,164703,4,12201,9/16/2016 0:00
BMW,White,143651,5,22597,10/19/2018 0:00
Toyota,Black,58773,4,20893,6/10/2014 0:00
Toyota,White,72118,4,16892,11/23/2010 0:00
Honda,White,14700,4,26973,2/17/2010 0:00
Toyota,White,117637,4,17256,8/14/2017 0:00
Nissan,,129820,,6960,8/3/2018 0:00
Honda,White,18246,4,21684,7/24/2013 0:00
Toyota,White,,4,5094,6/21/2014 0:00
Honda,White,92883,4,14931,6/26/2015 0:00
Toyota,Green,119394,4,11773,6/18/2013 0:00
Nissan,Black,178899,4,5222,9/13/2016 0:00
Toyota,White,172018,4,10196,2/14/2011 0:00
Toyota,Blue,98971,4,16226,10/5/2010 0:00
Nissan,,215026,4,,12/5/2012 0:00
Honda,,33261,4,28104,1/9/2013 0:00
Toyota,White,185742,4,16865,3/4/2011 0:00
Toyota,Blue,119311,4,26816,8/18/2015 0:00
Nissan,Blue,,4,9545,9/10/2013 0:00
Nissan,White,246825,3,13647,3/2/2018 0:00
Toyota,Black,225991,4,,9/16/2016 0:00
Toyota,Red,159925,4,14028,10/19/2018 0:00
Nissan,White,51004,4,31633,6/10/2014 0:00
Toyota,White,216076,4,12152,11/23/2010 0:00
Toyota,White,231683,4,16001,2/17/2010 0:00
Toyota,Blue,135237,4,18358,8/14/2017 0:00
Nissan,White,193389,4,7443,8/3/2018 0:00
Toyota,White,143104,4,4589,7/24/2013 0:00
BMW,White,146911,3,17076,6/21/2014 0:00
Toyota,White,199985,4,21007,6/26/2015 0:00
,White,,4,29616,6/18/2013 0:00
Toyota,,114202,4,22505,9/13/2016 0:00
Toyota,White,66150,4,25111,2/14/2011 0:00
Honda,Blue,42420,,7376,10/5/2010 0:00
Nissan,Blue,111256,4,10919,12/5/2012 0:00
BMW,Black,181572,5,25763,1/9/2013 0:00
,White,186752,4,7882,3/4/2011 0:00
Nissan,Red,209976,4,4200,8/18/2015 0:00
Honda,Green,81764,4,29004,9/10/2013 0:00
Nissan,White,82429,4,8979,3/2/2018 0:00
Honda,Black,221461,4,10450,9/16/2016 0:00
Honda,White,47712,4,18029,10/19/2018 0:00
,Blue,166897,4,10278,6/10/2014 0:00
Toyota,Blue,,4,19175,11/23/2010 0:00
Toyota,Black,222813,4,,2/17/2010 0:00
Toyota,White,107410,4,24990,8/14/2017 0:00
Toyota,Blue,14645,4,21326,8/3/2018 0:00
Toyota,Blue,67120,4,,7/24/2013 0:00
Nissan,Red,,4,17144,6/21/2014 0:00
Nissan,White,26634,4,12024,6/26/2015 0:00
Toyota,,118706,4,20705,6/18/2013 0:00
BMW,Green,209340,5,29140,9/13/2016 0:00
Nissan,Blue,38233,4,23483,2/14/2011 0:00
Toyota,Blue,,4,13213,10/5/2010 0:00
Nissan,White,152215,4,16519,12/5/2012 0:00
Honda,Blue,30120,4,6357,1/9/2013 0:00
Toyota,Red,68125,4,8105,3/4/2011 0:00
Toyota,Blue,207048,4,10663,8/18/2015 0:00
Honda,White,126854,4,12311,9/10/2013 0:00
Honda,Red,236800,4,,3/2/2018 0:00
Nissan,Blue,180739,4,19389,9/16/2016 0:00
Nissan,Red,196130,3,13707,10/19/2018 0:00
Honda,Green,164493,4,13866,6/10/2014 0:00
Honda,Blue,207344,4,4941,11/23/2010 0:00
Nissan,White,228090,4,16366,2/17/2010 0:00
Toyota,Blue,180156,4,14086,8/14/2017 0:00
Toyota,White,110362,4,13560,8/3/2018 0:00
,White,235294,,10597,7/24/2013 0:00
,White,43148,4,29089,6/21/2014 0:00
BMW,Blue,69358,5,47260,6/26/2015 0:00
Toyota,White,124057,4,18919,6/18/2013 0:00
Toyota,Blue,126078,4,14442,9/13/2016 0:00
Nissan,Blue,224410,4,13244,2/14/2011 0:00
Toyota,Green,221725,4,6742,10/5/2010 0:00
Honda,Blue,,,22042,12/5/2012 0:00
Toyota,White,35673,4,35683,1/9/2013 0:00
Honda,White,205597,4,4239,3/4/2011 0:00
Honda,Blue,76579,4,20511,8/18/2015 0:00
Nissan,White,137477,4,,9/10/2013 0:00
Honda,White,120283,4,19376,3/2/2018 0:00
Honda,Black,51328,4,10675,9/16/2016 0:00
Toyota,Black,218253,4,13176,10/19/2018 0:00
Toyota,Blue,39311,4,17520,6/10/2014 0:00
Toyota,White,210193,4,5653,11/23/2010 0:00
Honda,Black,27788,4,18919,2/17/2010 0:00
,White,175309,,,8/14/2017 0:00
Honda,Black,111097,4,16072,8/3/2018 0:00
Honda,Red,16079,4,9954,7/24/2013 0:00
Toyota,Blue,89641,4,33463,6/21/2014 0:00
BMW,Blue,72663,5,40032,6/26/2015 0:00
Toyota,Red,86284,,22542,6/18/2013 0:00
Honda,White,95481,4,8687,9/13/2016 0:00
Honda,White,214405,4,7982,2/14/2011 0:00
Honda,White,52563,4,26078,10/5/2010 0:00
Honda,White,113704,4,23280,12/5/2012 0:00
Honda,Blue,73869,4,27744,1/9/2013 0:00
Honda,White,95579,4,11135,3/4/2011 0:00
Honda,Black,45152,4,22825,8/18/2015 0:00
Honda,Green,194035,4,11648,9/10/2013 0:00
Toyota,Blue,220679,4,15508,3/2/2018 0:00
Honda,,102032,4,19036,9/16/2016 0:00
Toyota,Green,58938,4,6602,10/19/2018 0:00
Toyota,White,,4,14021,6/10/2014 0:00
Toyota,Blue,193276,4,10522,11/23/2010 0:00
Nissan,Blue,189182,,18834,2/17/2010 0:00
Toyota,White,197393,4,20879,8/14/2017 0:00
Honda,White,42844,4,29145,8/3/2018 0:00
Toyota,White,122266,4,17664,7/24/2013 0:00
Toyota,Red,240017,4,13728,6/21/2014 0:00
Toyota,Green,88598,4,19373,6/26/2015 0:00
Toyota,Blue,216563,,7903,6/18/2013 0:00
Honda,Black,123924,4,21236,9/13/2016 0:00
Toyota,White,185455,4,16220,2/14/2011 0:00
Nissan,Green,163080,4,7973,10/5/2010 0:00
,White,53531,4,7802,12/5/2012 0:00
Honda,Blue,142403,4,6803,1/9/2013 0:00
Nissan,White,127386,4,8461,3/4/2011 0:00
Toyota,White,142633,4,10402,8/18/2015 0:00
Toyota,Blue,215955,4,7994,9/10/2013 0:00
Nissan,Blue,46842,4,28655,3/2/2018 0:00
Nissan,Red,,4,13127,9/16/2016 0:00
Honda,Black,222786,4,,10/19/2018 0:00
Honda,White,130494,4,5513,6/10/2014 0:00
Toyota,White,,4,20521,11/23/2010 0:00
BMW,White,96224,,45720,2/17/2010 0:00
Honda,Blue,176566,4,13257,8/14/2017 0:00
Toyota,Blue,171373,4,9529,8/3/2018 0:00
Toyota,Green,241507,,7724,7/24/2013 0:00
Honda,Red,86427,4,30854,6/21/2014 0:00
Toyota,White,210863,4,12112,6/26/2015 0:00
Toyota,White,216647,4,10207,6/18/2013 0:00
BMW,Blue,35837,3,33198,9/13/2016 0:00
Honda,Blue,166595,,5138,2/14/2011 0:00
Honda,Blue,68223,4,27530,10/5/2010 0:00
Honda,Blue,223005,4,14431,12/5/2012 0:00
Honda,Black,61120,4,30374,1/9/2013 0:00
Honda,Blue,83357,4,22263,3/4/2011 0:00
Nissan,White,20315,4,8137,8/18/2015 0:00
Toyota,Blue,152042,4,20590,9/10/2013 0:00
Honda,Black,213154,4,8192,3/2/2018 0:00
Nissan,White,24741,4,20840,9/16/2016 0:00
Toyota,Blue,247601,4,11162,10/19/2018 0:00
Honda,Blue,40912,4,26885,6/10/2014 0:00
Nissan,Black,218697,4,5157,11/23/2010 0:00
Toyota,White,26655,4,11749,2/17/2010 0:00
Honda,White,42137,4,,8/14/2017 0:00
Toyota,Black,71463,4,31206,8/3/2018 0:00
Toyota,Blue,149270,,21953,7/24/2013 0:00
Honda,Blue,66613,4,20450,6/21/2014 0:00
Toyota,White,48674,4,,6/26/2015 0:00
Honda,White,123898,4,20622,6/18/2013 0:00
Toyota,Black,136271,4,20242,9/13/2016 0:00
Honda,Black,119033,4,16774,2/14/2011 0:00
Honda,Blue,50475,4,8164,10/5/2010 0:00
Honda,,42379,4,25382,12/5/2012 0:00
Honda,Black,147889,4,8916,1/9/2013 0:00
Nissan,Green,76610,3,16320,3/4/2011 0:00
Nissan,Blue,249860,4,14524,8/18/2015 0:00
Honda,Red,113538,4,,9/10/2013 0:00
Honda,White,152212,4,10580,3/2/2018 0:00
BMW,White,26531,5,19408,9/16/2016 0:00
Toyota,White,137628,4,18142,10/19/2018 0:00
Toyota,Blue,33461,4,,6/10/2014 0:00
Honda,White,178134,4,8870,11/23/2010 0:00
Toyota,White,74919,4,7183,2/17/2010 0:00
Honda,Green,165101,4,10377,8/14/2017 0:00
Nissan,White,235952,4,13272,8/3/2018 0:00
Nissan,Black,77474,4,22924,7/24/2013 0:00
Honda,White,121416,,17690,6/21/2014 0:00
Honda,Blue,196507,4,17065,6/26/2015 0:00
Toyota,Blue,95993,4,28073,6/18/2013 0:00
Nissan,Green,87701,4,29656,9/13/2016 0:00
BMW,White,192673,5,23377,2/14/2011 0:00
Nissan,White,205155,3,10287,10/5/2010 0:00
BMW,White,242935,3,14767,12/5/2012 0:00
Honda,Red,101835,4,16110,1/9/2013 0:00
Toyota,Black,26798,4,28276,3/4/2011 0:00
Toyota,Red,88571,4,21431,8/18/2015 0:00
Toyota,Red,49807,4,25775,9/10/2013 0:00
Nissan,White,71103,4,6884,3/2/2018 0:00
Honda,White,237209,4,10494,9/16/2016 0:00
Toyota,Green,37703,4,,10/19/2018 0:00
Toyota,White,26191,4,15372,6/10/2014 0:00
Toyota,Blue,213344,4,,11/23/2010 0:00
Honda,Blue,28561,4,14204,2/17/2010 0:00
Toyota,Blue,,4,10024,8/14/2017 0:00
Honda,Blue,120448,4,12392,8/3/2018 0:00
Nissan,White,19265,4,21451,7/24/2013 0:00
Honda,White,40134,4,16273,6/21/2014 0:00
Toyota,Black,86696,4,30320,6/26/2015 0:00
Toyota,Blue,23637,4,,6/18/2013 0:00
Nissan,Red,166895,4,10061,9/13/2016 0:00
,White,19482,3,31208,2/14/2011 0:00
,Blue,40774,5,26834,10/5/2010 0:00
Toyota,White,202435,4,16867,12/5/2012 0:00
Toyota,White,72725,4,25735,1/9/2013 0:00
Toyota,Blue,63501,4,15260,3/4/2011 0:00
Toyota,Black,228063,4,16308,8/18/2015 0:00
Nissan,Red,143204,3,16719,9/10/2013 0:00
Toyota,Green,213077,4,,3/2/2018 0:00
BMW,Blue,209466,5,,9/16/2016 0:00
BMW,,33320,3,27888,10/19/2018 0:00
Honda,White,236432,4,,6/10/2014 0:00
Honda,,41846,4,10241,11/23/2010 0:00
BMW,Red,38775,5,,2/17/2010 0:00
Toyota,Blue,226217,4,15413,8/14/2017 0:00
Honda,White,211154,4,9402,8/3/2018 0:00
Toyota,White,248416,4,14717,7/24/2013 0:00
Nissan,Red,,4,15154,6/21/2014 0:00
Nissan,Green,233054,4,8930,6/26/2015 0:00
,White,138294,4,11626,6/18/2013 0:00
Toyota,Blue,84787,4,28414,9/13/2016 0:00
Toyota,White,176172,4,18923,2/14/2011 0:00
Nissan,Black,170777,4,9649,10/5/2010 0:00
BMW,White,235774,,29401,12/5/2012 0:00
Honda,Blue,161140,4,11364,1/9/2013 0:00
Toyota,Blue,189781,4,10352,3/4/2011 0:00
Honda,White,117907,4,16908,8/18/2015 0:00
Toyota,Green,213861,4,3751,9/10/2013 0:00
Toyota,Red,248634,,9919,3/2/2018 0:00
Honda,Black,38327,4,23728,9/16/2016 0:00
Honda,,225600,4,,10/19/2018 0:00
BMW,Black,54141,5,37518,6/10/2014 0:00
Honda,Blue,163297,4,13263,11/23/2010 0:00
Honda,White,24180,4,9710,2/17/2010 0:00
Toyota,Black,98409,4,32863,8/14/2017 0:00
Toyota,,228619,4,12058,8/3/2018 0:00
Honda,Black,232910,4,6690,7/24/2013 0:00
Nissan,Blue,28390,3,6504,6/21/2014 0:00
,White,152006,3,4165,6/26/2015 0:00
Nissan,Green,107112,3,16345,6/18/2013 0:00
,Black,189001,4,5843,9/13/2016 0:00
Nissan,White,48730,4,11210,2/14/2011 0:00
Nissan,White,192747,4,6750,10/5/2010 0:00
Toyota,Blue,177356,4,15827,12/5/2012 0:00
Toyota,White,146824,4,16285,1/9/2013 0:00
Honda,White,64574,4,17654,3/4/2011 0:00
Toyota,White,244404,4,13334,8/18/2015 0:00
Nissan,White,66199,4,27557,9/10/2013 0:00
Toyota,,199315,4,19453,3/2/2018 0:00
Honda,,203447,4,3509,9/16/2016 0:00
Honda,Blue,158301,4,15297,10/19/2018 0:00
Honda,White,82518,4,22587,6/10/2014 0:00
Honda,Blue,224900,4,9104,11/23/2010 0:00
Honda,White,56523,4,6207,2/17/2010 0:00
Toyota,Red,98854,4,29876,8/14/2017 0:00
Honda,Black,151414,4,12186,8/3/2018 0:00
Nissan,White,222917,4,15673,7/24/2013 0:00
Honda,Blue,67875,,17152,6/21/2014 0:00
BMW,Blue,134103,5,36109,6/26/2015 0:00
Nissan,White,177272,4,18248,6/18/2013 0:00
Honda,Black,88002,4,20219,9/13/2016 0:00
Toyota,Black,112622,4,15778,2/14/2011 0:00
Toyota,Red,185940,4,9685,10/5/2010 0:00
Honda,Red,172705,4,,12/5/2012 0:00
Toyota,White,,4,23844,1/9/2013 0:00
Toyota,White,124205,4,6917,3/4/2011 0:00
Nissan,White,87997,4,28596,8/18/2015 0:00
Honda,White,148238,4,11303,9/10/2013 0:00
Toyota,White,10217,4,22883,3/2/2018 0:00
BMW,White,57905,3,50868,9/16/2016 0:00
Honda,White,70154,4,27852,10/19/2018 0:00
BMW,Blue,165375,5,26540,6/10/2014 0:00
Toyota,White,223727,4,12901,11/23/2010 0:00
Toyota,White,81656,4,14282,2/17/2010 0:00
Toyota,Red,189278,,9222,8/14/2017 0:00
BMW,White,227845,5,11298,8/3/2018 0:00
Honda,White,13116,4,16464,7/24/2013 0:00
Toyota,White,69222,4,29363,6/21/2014 0:00
Honda,Blue,197664,4,12950,6/26/2015 0:00
Toyota,Black,146848,,7286,6/18/2013 0:00
Honda,Blue,76252,4,9500,9/13/2016 0:00
Honda,White,121791,4,6920,2/14/2011 0:00
,Blue,77978,4,18199,10/5/2010 0:00
Toyota,White,235792,4,10726,12/5/2012 0:00
Toyota,Black,197498,4,6956,1/9/2013 0:00
Toyota,White,129188,4,17609,3/4/2011 0:00
Toyota,Blue,223875,4,12650,8/18/2015 0:00
Nissan,Blue,96785,4,22949,9/10/2013 0:00
Honda,White,187380,4,4022,3/2/2018 0:00
BMW,Black,11049,3,19500,9/16/2016 0:00
Toyota,Blue,76416,4,21653,10/19/2018 0:00
BMW,White,228678,5,18557,6/10/2014 0:00
Honda,Red,47404,4,23554,11/23/2010 0:00
Toyota,Green,172493,4,14698,2/17/2010 0:00
Honda,White,11119,4,20845,8/14/2017 0:00
BMW,Black,201190,3,16705,8/3/2018 0:00
Toyota,,192890,4,20130,7/24/2013 0:00
Toyota,Black,72287,4,13934,6/21/2014 0:00
Toyota,Black,,4,8513,6/26/2015 0:00
Honda,Green,208651,4,13722,6/18/2013 0:00
Nissan,Blue,195105,3,7823,9/13/2016 0:00
Toyota,Blue,240627,4,5285,2/14/2011 0:00
BMW,Blue,,3,30020,10/5/2010 0:00
BMW,White,168854,5,23240,12/5/2012 0:00
,Blue,60499,5,11708,1/9/2013 0:00
Toyota,White,46848,4,17795,3/4/2011 0:00
Nissan,Blue,233501,4,2796,8/18/2015 0:00
Toyota,Black,97042,4,8203,9/10/2013 0:00
Nissan,Red,113987,4,4968,3/2/2018 0:00
Nissan,Green,223555,4,11854,9/16/2016 0:00
Nissan,Blue,63686,4,14432,10/19/2018 0:00
Toyota,White,147230,4,16645,6/10/2014 0:00
Honda,Blue,21146,4,23064,11/23/2010 0:00
Toyota,Blue,166679,4,18222,2/17/2010 0:00
Honda,Red,108794,4,15962,8/14/2017 0:00
Toyota,Blue,229110,4,17258,8/3/2018 0:00
Nissan,Red,,4,21679,7/24/2013 0:00
Honda,Blue,217068,4,4358,6/21/2014 0:00
Honda,,133270,4,21612,6/26/2015 0:00
Toyota,Green,202862,4,17635,6/18/2013 0:00
Honda,White,136340,4,19271,9/13/2016 0:00
Toyota,Green,209457,,14590,2/14/2011 0:00
Toyota,Black,224986,4,11233,10/5/2010 0:00
Toyota,Green,201964,4,13637,12/5/2012 0:00
Honda,Blue,63800,4,26308,1/9/2013 0:00
Toyota,Blue,61337,4,28830,3/4/2011 0:00
Honda,Blue,190532,4,8479,8/18/2015 0:00
Toyota,White,161870,4,7157,9/10/2013 0:00
BMW,Blue,212644,5,19545,3/2/2018 0:00
Toyota,White,30334,4,35687,9/16/2016 0:00
Honda,Black,158337,4,4733,10/19/2018 0:00
Nissan,,219137,4,5865,6/10/2014 0:00
Toyota,Black,140913,4,15967,11/23/2010 0:00
Honda,Blue,195239,4,14944,2/17/2010 0:00
Honda,White,178351,4,14331,8/14/2017 0:00
BMW,Green,152243,5,20108,8/3/2018 0:00
Toyota,White,245977,4,11036,7/24/2013 0:00
Toyota,White,32748,4,30323,6/21/2014 0:00
Toyota,Green,60344,4,,6/26/2015 0:00
Honda,Blue,244434,4,8253,6/18/2013 0:00
Nissan,White,198923,4,5135,9/13/2016 0:00
Toyota,White,128294,4,13608,2/14/2011 0:00
BMW,Blue,179255,5,33040,10/5/2010 0:00
Toyota,White,22257,4,27868,12/5/2012 0:00
Toyota,White,85800,4,20503,1/9/2013 0:00
Toyota,Red,190211,4,4454,3/4/2011 0:00
Toyota,Blue,103202,4,13394,8/18/2015 0:00
,Blue,48777,4,7910,9/10/2013 0:00
Toyota,White,18812,4,22643,3/2/2018 0:00
Honda,White,29541,4,8690,9/16/2016 0:00
Honda,Red,123224,4,16488,10/19/2018 0:00
Honda,White,192655,4,12609,6/10/2014 0:00
Toyota,Blue,219420,4,8952,11/23/2010 0:00
Toyota,White,185146,4,4566,2/17/2010 0:00
Toyota,,77677,,,8/14/2017 0:00
Nissan,White,211504,4,14084,8/3/2018 0:00
Toyota,Green,88519,4,18640,7/24/2013 0:00
Toyota,White,78123,4,24629,6/21/2014 0:00
Toyota,White,201039,4,16879,6/26/2015 0:00
Nissan,Green,229929,4,9803,6/18/2013 0:00
BMW,White,83309,5,45509,9/13/2016 0:00
Toyota,White,148473,4,23386,2/14/2011 0:00
Toyota,White,10247,4,32566,10/5/2010 0:00
BMW,Blue,50363,5,30104,12/5/2012 0:00
Honda,Blue,187630,4,15810,1/9/2013 0:00
Nissan,Black,192250,4,10962,3/4/2011 0:00
Toyota,White,95725,4,12523,8/18/2015 0:00
Honda,White,136279,4,5933,9/10/2013 0:00
Toyota,White,239554,4,10747,3/2/2018 0:00
Honda,White,100884,4,5145,9/16/2016 0:00
Nissan,Red,124112,4,7217,10/19/2018 0:00
Nissan,White,114699,4,16016,6/10/2014 0:00
Toyota,Blue,198983,4,18440,11/23/2010 0:00
Toyota,Black,201753,4,15097,2/17/2010 0:00
Nissan,White,195056,4,11140,8/14/2017 0:00
Honda,White,30080,4,18429,8/3/2018 0:00
Honda,Blue,171303,4,10821,7/24/2013 0:00
Toyota,Red,220026,4,9554,6/21/2014 0:00
Honda,White,,4,10130,6/26/2015 0:00
Toyota,Blue,190406,4,,6/18/2013 0:00
BMW,Red,175134,,29487,9/13/2016 0:00
Toyota,White,100107,4,9878,2/14/2011 0:00
BMW,Green,117440,5,17322,10/5/2010 0:00
Toyota,Blue,188036,4,,12/5/2012 0:00
Toyota,Blue,34521,4,30191,1/9/2013 0:00
Nissan,Blue,69954,4,20938,3/4/2011 0:00
BMW,Red,149413,5,36864,8/18/2015 0:00
Nissan,Green,235589,4,5905,9/10/2013 0:00
Toyota,Blue,125939,4,10349,3/2/2018 0:00
Honda,White,248301,4,14026,9/16/2016 0:00
Honda,Blue,248899,4,5834,10/19/2018 0:00
Nissan,Blue,209485,4,13474,6/10/2014 0:00
Toyota,White,62712,4,24342,11/23/2010 0:00
BMW,Green,112156,5,12904,2/17/2010 0:00
Toyota,Green,243177,4,3125,8/14/2017 0:00
Toyota,White,93593,4,29638,8/3/2018 0:00
Honda,Green,,4,28599,7/24/2013 0:00
Toyota,Blue,48684,4,33817,6/21/2014 0:00
Toyota,Red,107799,4,13417,6/26/2015 0:00
Toyota,White,112103,4,7898,6/18/2013 0:00
Toyota,White,74984,4,16766,9/13/2016 0:00
BMW,Blue,129040,5,32353,2/14/2011 0:00
Nissan,White,166735,4,7350,10/5/2010 0:00
Nissan,White,129883,4,23945,12/5/2012 0:00
Honda,White,245327,4,8226,1/9/2013 0:00
Toyota,,51788,4,6480,3/4/2011 0:00
BMW,Blue,31277,5,18139,8/18/2015 0:00
Nissan,White,43191,4,,9/10/2013 0:00
Nissan,Blue,191024,3,9450,3/2/2018 0:00
,,61876,4,5922,9/16/2016 0:00
BMW,White,69066,5,22784,10/19/2018 0:00
Honda,Blue,40635,4,12402,6/10/2014 0:00
Toyota,Red,13050,4,9074,11/23/2010 0:00
Honda,White,,4,26813,2/17/2010 0:00
Toyota,Green,110078,4,13650,8/14/2017 0:00
BMW,White,118286,5,14145,8/3/2018 0:00
BMW,White,212920,3,11733,7/24/2013 0:00
,White,45513,5,38984,6/21/2014 0:00
Honda,Black,231825,4,12988,6/26/2015 0:00
Toyota,White,112968,4,18962,6/18/2013 0:00
Honda,,118609,4,5465,9/13/2016 0:00
Toyota,White,100657,4,,2/14/2011 0:00
Toyota,Red,210870,4,16652,10/5/2010 0:00
Toyota,White,218519,4,,12/5/2012 0:00
Honda,Red,211735,,,1/9/2013 0:00
Honda,White,124924,4,19832,3/4/2011 0:00
Toyota,White,14497,4,19838,8/18/2015 0:00
Toyota,White,225284,4,12408,9/10/2013 0:00
Honda,Blue,236760,4,12362,3/2/2018 0:00
Honda,Blue,200219,4,4606,9/16/2016 0:00
,Black,27139,4,22921,10/19/2018 0:00
BMW,Black,204746,5,24494,6/10/2014 0:00
Toyota,Green,106475,4,24242,11/23/2010 0:00
BMW,White,152410,5,21580,2/17/2010 0:00
Toyota,White,63832,4,6698,8/14/2017 0:00
Toyota,White,73869,4,19572,8/3/2018 0:00
Nissan,White,49310,4,27146,7/24/2013 0:00
BMW,Blue,244095,5,25780,6/21/2014 0:00
Toyota,Blue,229055,4,10865,6/26/2015 0:00
Toyota,Black,144944,4,22873,6/18/2013 0:00
Nissan,Black,10148,4,27337,9/13/2016 0:00
Toyota,Blue,181466,,14388,2/14/2011 0:00
Toyota,White,248815,4,9785,10/5/2010 0:00
Honda,White,56534,4,6676,12/5/2012 0:00
Nissan,White,48277,4,11406,1/9/2013 0:00
Toyota,Green,,4,9073,3/4/2011 0:00
Toyota,White,28809,4,22139,8/18/2015 0:00
Toyota,Blue,237448,4,16202,9/10/2013 0:00
Toyota,Blue,23241,4,14203,3/2/2018 0:00
Nissan,White,135032,3,6214,9/16/2016 0:00
Nissan,White,213449,3,7425,10/19/2018 0:00
BMW,White,84327,5,38233,6/10/2014 0:00
Toyota,White,104722,4,21006,11/23/2010 0:00
Toyota,White,196225,4,19812,2/17/2010 0:00
Honda,Blue,,4,23840,8/14/2017 0:00
BMW,White,16274,5,52458,8/3/2018 0:00
BMW,Red,,5,9362,7/24/2013 0:00
Nissan,White,,3,15861,6/21/2014 0:00
BMW,White,232696,5,26940,6/26/2015 0:00
Nissan,White,40598,4,24122,6/18/2013 0:00
Nissan,White,83345,4,6476,9/13/2016 0:00
Nissan,Blue,234146,3,12522,2/14/2011 0:00
Nissan,Black,239908,4,6567,10/5/2010 0:00
Honda,White,,4,11182,12/5/2012 0:00
BMW,Blue,152772,3,14588,1/9/2013 0:00
Honda,Black,134825,4,17315,3/4/2011 0:00
Toyota,White,66633,4,,8/18/2015 0:00
Honda,Blue,228279,4,13519,9/10/2013 0:00
Honda,Black,231659,4,9826,3/2/2018 0:00
Nissan,White,19134,4,23439,9/16/2016 0:00
Toyota,Blue,149927,4,8321,10/19/2018 0:00
Honda,Red,98523,4,29959,6/10/2014 0:00
Honda,White,161712,4,13546,11/23/2010 0:00
Nissan,Red,113278,3,15666,2/17/2010 0:00
,Green,,4,11454,8/14/2017 0:00
Honda,White,101311,4,5421,8/3/2018 0:00
Nissan,White,161699,4,5594,7/24/2013 0:00
BMW,Red,176660,5,14134,6/21/2014 0:00
Honda,White,31418,4,22816,6/26/2015 0:00
Nissan,White,143520,4,7433,6/18/2013 0:00
Toyota,White,149655,4,14650,9/13/2016 0:00
Toyota,White,122453,4,24178,2/14/2011 0:00
Toyota,White,21083,4,35333,10/5/2010 0:00
Honda,White,219635,4,12216,12/5/2012 0:00
Nissan,Green,203302,4,5548,1/9/2013 0:00
Honda,Blue,178863,4,5168,3/4/2011 0:00
Toyota,Red,148518,4,25104,8/18/2015 0:00
Honda,Black,143649,,7874,9/10/2013 0:00
Nissan,Red,153074,4,17487,3/2/2018 0:00
Honda,White,53474,4,,9/16/2016 0:00
Toyota,Red,166046,4,7955,10/19/2018 0:00
Nissan,Blue,228192,4,12641,6/10/2014 0:00
Toyota,Blue,221076,4,8786,11/23/2010 0:00
Toyota,White,88224,4,24304,2/17/2010 0:00
BMW,Red,156064,5,17105,8/14/2017 0:00
Toyota,Green,132714,4,17076,8/3/2018 0:00
Toyota,Blue,17609,4,,7/24/2013 0:00
Toyota,Black,43171,4,24354,6/21/2014 0:00
Nissan,Blue,57558,3,16622,6/26/2015 0:00
Honda,White,52414,4,11548,6/18/2013 0:00
Honda,White,186495,4,14849,9/13/2016 0:00
Nissan,White,136022,4,,2/14/2011 0:00
BMW,White,102773,5,29551,10/5/2010 0:00
Toyota,Blue,92777,4,32509,12/5/2012 0:00
Toyota,,103682,4,10261,1/9/2013 0:00
Toyota,Black,90508,4,33758,3/4/2011 0:00
Nissan,,39639,3,12315,8/18/2015 0:00
Honda,Blue,26824,4,28422,9/10/2013 0:00
Nissan,White,186786,4,,3/2/2018 0:00
Honda,White,,4,13070,9/16/2016 0:00
Toyota,White,239760,4,4896,10/19/2018 0:00
Honda,Blue,96308,4,15010,6/10/2014 0:00
Toyota,White,107043,4,7126,11/23/2010 0:00
Toyota,Blue,39753,4,34231,2/17/2010 0:00
Honda,Blue,168261,4,14691,8/14/2017 0:00
Honda,Black,94941,4,27598,8/3/2018 0:00
BMW,Green,26839,5,15224,7/24/2013 0:00
Nissan,White,227278,4,,6/21/2014 0:00
BMW,Blue,45207,5,35254,6/26/2015 0:00
Toyota,Blue,186309,4,16416,6/18/2013 0:00
BMW,Black,178164,3,24891,9/13/2016 0:00
Honda,White,,4,17939,2/14/2011 0:00
Honda,Green,237627,4,8430,10/5/2010 0:00
,White,155383,4,14345,12/5/2012 0:00
Honda,,22409,4,10429,1/9/2013 0:00
Toyota,Blue,95317,4,7435,3/4/2011 0:00
Toyota,Blue,128016,4,16835,8/18/2015 0:00
BMW,White,85739,5,48419,9/10/2013 0:00
Toyota,Black,17975,4,17940,3/2/2018 0:00
Toyota,Blue,230314,4,6720,9/16/2016 0:00
Toyota,White,129454,4,6446,10/19/2018 0:00
Honda,White,238172,4,13273,6/10/2014 0:00
Toyota,Red,,4,14671,11/23/2010 0:00
Nissan,Blue,157235,4,4196,2/17/2010 0:00
,Blue,216250,4,9691,8/14/2017 0:00
Honda,White,71934,4,26882,8/3/2018 0:00
Honda,White,215235,4,3825,7/24/2013 0:00
Nissan,Black,248736,4,8358,6/21/2014 0:00
Toyota,Red,41735,4,13928,6/26/2015 0:00
Toyota,White,173408,4,8082,6/18/2013 0:00
Honda,Blue,235985,4,9184,9/13/2016 0:00
Honda,Green,54721,4,27419,2/14/2011 0:00
Nissan,Black,162523,4,4696,10/5/2010 0:00
BMW,Blue,163322,3,31666,12/5/2012 0:00
Toyota,Black,35820,4,32042,1/9/2013 0:00
,White,155144,3,5716,3/4/2011 0:00
Nissan,Blue,66604,4,31570,8/18/2015 0:00
Honda,White,215883,4,4001,9/10/2013 0:00
Toyota,Blue,248360,4,12732,3/2/2018 0:00
